{
  "project_info": {
    "project_number": "756652064641",
    "project_id": "attandance-de829",
    "storage_bucket": "attandance-de829.appspot.com"
  },
  "client": [
    {
      "client_info": {
        "mobilesdk_app_id": "1:756652064641:android:401b45da9b13f41c513280",
        "android_client_info": {
          "package_name": "com.example.attendancesystem"
        }
      },
      "oauth_client": [
        {
          "client_id": "756652064641-ok3qusvf2hc0if3f51u2u2ea5kja09lr.apps.googleusercontent.com",
          "client_type": 3
        }
      ],
      "api_key": [
        {
          "current_key": "AIzaSyAqqQUPjrDrfmO-4Rco8y6SZdIQMs8w64I"
        }
      ],
      "services": {
        "appinvite_service": {
          "other_platform_oauth_client": [
            {
              "client_id": "756652064641-ok3qusvf2hc0if3f51u2u2ea5kja09lr.apps.googleusercontent.com",
              "client_type": 3
            }
          ]
        }
      }
    },
    {
      "client_info": {
        "mobilesdk_app_id": "1:756652064641:android:56d2d6f0f7092ab3513280",
        "android_client_info": {
          "package_name": "com.example.myapplication"
        }
      },
      "oauth_client": [
        {
          "client_id": "756652064641-ok3qusvf2hc0if3f51u2u2ea5kja09lr.apps.googleusercontent.com",
          "client_type": 3
        }
      ],
      "api_key": [
        {
          "current_key": "AIzaSyAqqQUPjrDrfmO-4Rco8y6SZdIQMs8w64I"
        }
      ],
      "services": {
        "appinvite_service": {
          "other_platform_oauth_client": [
            {
              "client_id": "756652064641-ok3qusvf2hc0if3f51u2u2ea5kja09lr.apps.googleusercontent.com",
              "client_type": 3
            }
          ]
        }
      }
    }
  ],
  "configuration_version": "1"
}